seed,dgp,model_key,model,obj_nll,obj_prob_mse,obj_prob_mae,mo_nll,mo_prob_mse,mo_prob_mae,decision_regret,learned_b_global,learned_b_obj0,scorer_noise_sigma0,learned_b_obj1,scorer_noise_sigma1,learned_b_obj2,scorer_noise_sigma2
0,objective_specific_noise,standard,Standard scalarized BT,0.663479992740449,0.023613742304057436,0.11118547668852258,0.6789139026529165,0.0177292078786586,0.10052332273464469,0.19494904653480669,-0.5912359356880188,0.005387600045651197,0.3,-1.1245300769805908,1.2,-0.43509653210639954,0.7
0,objective_specific_noise,shared_precision,Shared-precision BT,0.6389439290931316,0.01723239878467665,0.1033135527361207,0.6638475593156927,0.013161248633958903,0.08691238328650627,0.19494904653480669,-0.5912359356880188,0.005387600045651197,0.3,-1.1245300769805908,1.2,-0.43509653210639954,0.7
0,objective_specific_noise,pcma_normalized,PCMA-normalized scalarization,,,,0.6739923227082434,0.016042688843615358,0.09470990189179876,0.18042474283019397,-0.5912359356880188,0.005387600045651197,0.3,-1.1245300769805908,1.2,-0.43509653210639954,0.7
0,objective_specific_noise,confidence_preserving_pcma,Confidence-preserving PCMA,0.633934115326754,0.014893320349018859,0.09293215179162559,0.6584157176113394,0.011392367881368307,0.08064335068735068,0.18042474283019397,-0.5912359356880188,0.005387600045651197,0.3,-1.1245300769805908,1.2,-0.43509653210639954,0.7
0,objective_specific_noise,oracle,Oracle latent utility,,,,0.6332560413341736,0.0,0.0,0.0,-0.5912359356880188,0.005387600045651197,0.3,-1.1245300769805908,1.2,-0.43509653210639954,0.7
1,objective_specific_noise,standard,Standard scalarized BT,0.6647795080805664,0.02335959958013365,0.11113809089645355,0.6754069268779899,0.01779830940740547,0.1010956261205149,0.19801352431421612,-0.631060779094696,-0.013744310475885868,0.3,-1.149540662765503,1.2,-0.5207648277282715,0.7
1,objective_specific_noise,shared_precision,Shared-precision BT,0.6399691039035613,0.01702188457024131,0.10356639952351242,0.6608660668804996,0.013038505446524072,0.08699066015976081,0.19801352431421612,-0.631060779094696,-0.013744310475885868,0.3,-1.149540662765503,1.2,-0.5207648277282715,0.7
1,objective_specific_noise,pcma_normalized,PCMA-normalized scalarization,,,,0.6705318893531712,0.015955197973744,0.09487907277348459,0.18414779848223228,-0.631060779094696,-0.013744310475885868,0.3,-1.149540662765503,1.2,-0.5207648277282715,0.7
1,objective_specific_noise,confidence_preserving_pcma,Confidence-preserving PCMA,0.6326104160260865,0.01456980303029906,0.09246478067573541,0.6560315774981736,0.011138823447374997,0.08021497087962715,0.18414779848223228,-0.631060779094696,-0.013744310475885868,0.3,-1.149540662765503,1.2,-0.5207648277282715,0.7
1,objective_specific_noise,oracle,Oracle latent utility,,,,0.629828414451469,0.0,0.0,0.0,-0.631060779094696,-0.013744310475885868,0.3,-1.149540662765503,1.2,-0.5207648277282715,0.7
2,objective_specific_noise,standard,Standard scalarized BT,0.6733858325659344,0.02403987141058444,0.11205598646291208,0.678178931718031,0.018244297179394152,0.10176818253692697,0.19608802178341556,-0.5241169333457947,-0.13171616196632385,0.3,-0.9016540050506592,1.2,-0.38559970259666443,0.7
2,objective_specific_noise,shared_precision,Shared-precision BT,0.6448195646414875,0.017347600787220006,0.10203338626049895,0.664326198598123,0.013848857769952443,0.08856288505089685,0.19608802178341556,-0.5241169333457947,-0.13171616196632385,0.3,-0.9016540050506592,1.2,-0.38559970259666443,0.7
2,objective_specific_noise,pcma_normalized,PCMA-normalized scalarization,,,,0.6744528342265741,0.016653743279072528,0.0964281816080446,0.18305013359173816,-0.5241169333457947,-0.13171616196632385,0.3,-0.9016540050506592,1.2,-0.38559970259666443,0.7
2,objective_specific_noise,confidence_preserving_pcma,Confidence-preserving PCMA,0.6386063549785004,0.014819159458645825,0.09184805614378459,0.6600520534887314,0.01211298539060112,0.08264846062746999,0.18305013359173816,-0.5241169333457947,-0.13171616196632385,0.3,-0.9016540050506592,1.2,-0.38559970259666443,0.7
2,objective_specific_noise,oracle,Oracle latent utility,,,,0.632386353298648,0.0,0.0,0.0,-0.5241169333457947,-0.13171616196632385,0.3,-0.9016540050506592,1.2,-0.38559970259666443,0.7
3,objective_specific_noise,standard,Standard scalarized BT,0.6663868506510426,0.023736365419057194,0.11211089864381162,0.6771628084201623,0.01813254388796911,0.10221006510367142,0.1895533399170643,-0.6419787406921387,-0.08371085673570633,0.3,-0.9139247536659241,1.2,-0.7778672575950623,0.7
3,objective_specific_noise,shared_precision,Shared-precision BT,0.6404778969818286,0.01712209470227195,0.10390766575392404,0.6616290932813159,0.0131333224210947,0.08729204413754293,0.1895533399170643,-0.6419787406921387,-0.08371085673570633,0.3,-0.9139247536659241,1.2,-0.7778672575950623,0.7
3,objective_specific_noise,pcma_normalized,PCMA-normalized scalarization,,,,0.6739587074466138,0.01679206863373924,0.09745754094771623,0.17884420782086496,-0.6419787406921387,-0.08371085673570633,0.3,-0.9139247536659241,1.2,-0.7778672575950623,0.7
3,objective_specific_noise,confidence_preserving_pcma,Confidence-preserving PCMA,0.6362052262735347,0.015045695464409838,0.09374002338374977,0.6580299110413266,0.011793050995398673,0.08218339873308506,0.17884420782086496,-0.6419787406921387,-0.08371085673570633,0.3,-0.9139247536659241,1.2,-0.7778672575950623,0.7
3,objective_specific_noise,oracle,Oracle latent utility,,,,0.6322412184404382,0.0,0.0,0.0,-0.6419787406921387,-0.08371085673570633,0.3,-0.9139247536659241,1.2,-0.7778672575950623,0.7
4,objective_specific_noise,standard,Standard scalarized BT,0.6715191014171918,0.023347071839402253,0.11090434540454083,0.675191912046556,0.017788691836496465,0.1011146512891244,0.19978292294444877,-0.6334715485572815,-0.1089342013001442,0.3,-1.1216181516647339,1.2,-0.49537381529808044,0.7
4,objective_specific_noise,shared_precision,Shared-precision BT,0.6434899539108356,0.017113990000950915,0.10362673987128182,0.6605652155707804,0.013024193665034366,0.08680520241442778,0.19978292294444877,-0.6334715485572815,-0.1089342013001442,0.3,-1.1216181516647339,1.2,-0.49537381529808044,0.7
4,objective_specific_noise,pcma_normalized,PCMA-normalized scalarization,,,,0.6713402323437279,0.01603824540051848,0.09492721522667714,0.18241899602033151,-0.6334715485572815,-0.1089342013001442,0.3,-1.1216181516647339,1.2,-0.49537381529808044,0.7
4,objective_specific_noise,confidence_preserving_pcma,Confidence-preserving PCMA,0.637102206184491,0.014618372486359969,0.09215091974648738,0.6561963164444344,0.011195032871347141,0.07994472992447266,0.18241899602033151,-0.6334715485572815,-0.1089342013001442,0.3,-1.1216181516647339,1.2,-0.49537381529808044,0.7
4,objective_specific_noise,oracle,Oracle latent utility,,,,0.6318503478901509,0.0,0.0,0.0,-0.6334715485572815,-0.1089342013001442,0.3,-1.1216181516647339,1.2,-0.49537381529808044,0.7
5,objective_specific_noise,standard,Standard scalarized BT,0.6590604392827903,0.02359097884388774,0.11099797525617511,0.6745625530218442,0.018104335649999928,0.10196780434351375,0.19561970870940537,-0.6031090617179871,-0.05491499602794647,0.3,-1.0257987976074219,1.2,-0.5212612748146057,0.7
5,objective_specific_noise,shared_precision,Shared-precision BT,0.6350859426391244,0.017227477240270045,0.10340482556357251,0.6596075507717664,0.013332484260731595,0.08762911569858411,0.19561970870940537,-0.6031090617179871,-0.05491499602794647,0.3,-1.0257987976074219,1.2,-0.5212612748146057,0.7
5,objective_specific_noise,pcma_normalized,PCMA-normalized scalarization,,,,0.6704232094257718,0.016382870470942855,0.09592904145116236,0.18259573014524208,-0.6031090617179871,-0.05491499602794647,0.3,-1.0257987976074219,1.2,-0.5212612748146057,0.7
5,objective_specific_noise,confidence_preserving_pcma,Confidence-preserving PCMA,0.6288090862694741,0.014724418280654208,0.09183044379038453,0.6554668615275284,0.011591587119581621,0.08114788914481069,0.18259573014524208,-0.6031090617179871,-0.05491499602794647,0.3,-1.0257987976074219,1.2,-0.5212612748146057,0.7
5,objective_specific_noise,oracle,Oracle latent utility,,,,0.6297306167608318,0.0,0.0,0.0,-0.6031090617179871,-0.05491499602794647,0.3,-1.0257987976074219,1.2,-0.5212612748146057,0.7
6,objective_specific_noise,standard,Standard scalarized BT,0.6688489031747565,0.02392809725761247,0.11213818085977334,0.6770646703984514,0.018135587125502253,0.10235957556922926,0.1913595720742503,-0.5223202109336853,0.09279587864875793,0.3,-0.9989362359046936,1.2,-0.4705202281475067,0.7
6,objective_specific_noise,shared_precision,Shared-precision BT,0.6412860067760155,0.016954698218177744,0.10071427242286879,0.6628956324872965,0.013603249945032099,0.08830506678133866,0.1913595720742503,-0.5223202109336853,0.09279587864875793,0.3,-0.9989362359046936,1.2,-0.4705202281475067,0.7
6,objective_specific_noise,pcma_normalized,PCMA-normalized scalarization,,,,0.672124467873647,0.01628806755759337,0.09590839276571075,0.17789613275416238,-0.5223202109336853,0.09279587864875793,0.3,-0.9989362359046936,1.2,-0.4705202281475067,0.7
6,objective_specific_noise,confidence_preserving_pcma,Confidence-preserving PCMA,0.6343428627829465,0.014690050866760267,0.09286066913958572,0.6576410018916682,0.011705250894891968,0.08204381532077804,0.17789613275416238,-0.5223202109336853,0.09279587864875793,0.3,-0.9989362359046936,1.2,-0.4705202281475067,0.7
6,objective_specific_noise,oracle,Oracle latent utility,,,,0.6313842496208788,0.0,0.0,0.0,-0.5223202109336853,0.09279587864875793,0.3,-0.9989362359046936,1.2,-0.4705202281475067,0.7
7,objective_specific_noise,standard,Standard scalarized BT,0.6625677379552474,0.023588938278572242,0.11162690472837992,0.6795384283120557,0.01785009597272502,0.10120296053038219,0.1930312377589616,-0.7165525555610657,-0.15167275071144104,0.3,-1.2317882776260376,1.2,-0.574312686920166,0.7
7,objective_specific_noise,shared_precision,Shared-precision BT,0.6389730851875068,0.017336717545733512,0.10574616401925722,0.6625152420616431,0.012624769574652923,0.08584788945988236,0.1930312377589616,-0.7165525555610657,-0.15167275071144104,0.3,-1.2317882776260376,1.2,-0.574312686920166,0.7
7,objective_specific_noise,pcma_normalized,PCMA-normalized scalarization,,,,0.6750343934472378,0.01608107667575476,0.09492321327340474,0.18090288015526046,-0.7165525555610657,-0.15167275071144104,0.3,-1.2317882776260376,1.2,-0.574312686920166,0.7
7,objective_specific_noise,confidence_preserving_pcma,Confidence-preserving PCMA,0.6332633218858763,0.014786145397094167,0.09342444763407969,0.6575839513930888,0.010832749760686546,0.07882711018292121,0.18090288015526046,-0.7165525555610657,-0.15167275071144104,0.3,-1.2317882776260376,1.2,-0.574312686920166,0.7
7,objective_specific_noise,oracle,Oracle latent utility,,,,0.6338666538168526,0.0,0.0,0.0,-0.7165525555610657,-0.15167275071144104,0.3,-1.2317882776260376,1.2,-0.574312686920166,0.7
8,objective_specific_noise,standard,Standard scalarized BT,0.6661404571433663,0.023718678527291974,0.11121445118524464,0.6745570562779162,0.0179672648466361,0.1013221232919133,0.19792276638620407,-0.5880440473556519,-0.12034384906291962,0.3,-1.0091265439987183,1.2,-0.46857401728630066,0.7
8,objective_specific_noise,shared_precision,Shared-precision BT,0.6396563062274767,0.017165497571126464,0.10339099799690527,0.6601247433682278,0.013249206532453102,0.08720259024348183,0.19792276638620407,-0.5880440473556519,-0.12034384906291962,0.3,-1.0091265439987183,1.2,-0.46857401728630066,0.7
8,objective_specific_noise,pcma_normalized,PCMA-normalized scalarization,,,,0.6699122575520016,0.016293953516981458,0.09567033386021812,0.18527648722892895,-0.5880440473556519,-0.12034384906291962,0.3,-1.0091265439987183,1.2,-0.46857401728630066,0.7
8,objective_specific_noise,confidence_preserving_pcma,Confidence-preserving PCMA,0.6329075710082926,0.014532104684421532,0.09145129557110956,0.6552369505426022,0.011448959877250076,0.0806627604228003,0.18527648722892895,-0.5880440473556519,-0.12034384906291962,0.3,-1.0091265439987183,1.2,-0.46857401728630066,0.7
8,objective_specific_noise,oracle,Oracle latent utility,,,,0.6303470896503962,0.0,0.0,0.0,-0.5880440473556519,-0.12034384906291962,0.3,-1.0091265439987183,1.2,-0.46857401728630066,0.7
9,objective_specific_noise,standard,Standard scalarized BT,0.6570192701147318,0.023743510772281796,0.11181211401241653,0.6731609399279789,0.01799138380696923,0.10158480494395598,0.19602391887730927,-0.5727659463882446,-0.1801963448524475,0.3,-0.8709914088249207,1.2,-0.5368578433990479,0.7
9,objective_specific_noise,shared_precision,Shared-precision BT,0.63482176676848,0.01734316442282036,0.10362785691622337,0.6594137289603869,0.013471171169716458,0.08813333385134368,0.19602391887730927,-0.5727659463882446,-0.1801963448524475,0.3,-0.8709914088249207,1.2,-0.5368578433990479,0.7
9,objective_specific_noise,pcma_normalized,PCMA-normalized scalarization,,,,0.6698674413807242,0.016641660860407678,0.09700849225039243,0.18440952153590182,-0.5727659463882446,-0.1801963448524475,0.3,-0.8709914088249207,1.2,-0.5368578433990479,0.7
9,objective_specific_noise,confidence_preserving_pcma,Confidence-preserving PCMA,0.6290953073191498,0.014952194961089599,0.09324920128566629,0.6554812493997194,0.012003788773563834,0.08281452192124907,0.18440952153590182,-0.5727659463882446,-0.1801963448524475,0.3,-0.8709914088249207,1.2,-0.5368578433990479,0.7
9,objective_specific_noise,oracle,Oracle latent utility,,,,0.6307336208674373,0.0,0.0,0.0,-0.5727659463882446,-0.1801963448524475,0.3,-0.8709914088249207,1.2,-0.5368578433990479,0.7
0,equal_noise_control,standard,Standard scalarized BT,0.6502485694807629,0.019427789866322744,0.10988063527909447,0.6652664983841086,0.013557030617934068,0.0914022490018968,0.17105176195336724,-0.4373331069946289,-0.350527286529541,0.7,-0.5254418253898621,0.7,-0.43509653210639954,0.7
0,equal_noise_control,shared_precision,Shared-precision BT,0.6336748059943818,0.014508079805445183,0.0961440164544837,0.65681663065403,0.010726023573982245,0.08085481956797416,0.17105176195336724,-0.4373331069946289,-0.350527286529541,0.7,-0.5254418253898621,0.7,-0.43509653210639954,0.7
0,equal_noise_control,pcma_normalized,PCMA-normalized scalarization,,,,0.6652770445169408,0.013593773968758615,0.09156620596005174,0.1704054385863708,-0.4373331069946289,-0.350527286529541,0.7,-0.5254418253898621,0.7,-0.43509653210639954,0.7
0,equal_noise_control,confidence_preserving_pcma,Confidence-preserving PCMA,0.6341176779020647,0.014618489106363588,0.09657606159582584,0.656812065233735,0.010769515964710548,0.08102959891103642,0.1704054385863708,-0.4373331069946289,-0.350527286529541,0.7,-0.5254418253898621,0.7,-0.43509653210639954,0.7
0,equal_noise_control,oracle,Oracle latent utility,,,,0.6332560413341736,0.0,0.0,0.0,-0.4373331069946289,-0.350527286529541,0.7,-0.5254418253898621,0.7,-0.43509653210639954,0.7
1,equal_noise_control,standard,Standard scalarized BT,0.6498693844329569,0.01944096298967698,0.11032844347306334,0.6632977005360027,0.013794020749427635,0.09270691315589698,0.1683411371774971,-0.5017465949058533,-0.35821229219436646,0.7,-0.6278502345085144,0.7,-0.5207648277282715,0.7
1,equal_noise_control,shared_precision,Shared-precision BT,0.6336358953151694,0.01446144989566878,0.0969104622242771,0.6546627629381542,0.010668821929738108,0.08122021423974965,0.1683411371774971,-0.5017465949058533,-0.35821229219436646,0.7,-0.6278502345085144,0.7,-0.5207648277282715,0.7
1,equal_noise_control,pcma_normalized,PCMA-normalized scalarization,,,,0.6633648350015435,0.013844141393152596,0.0928759772959656,0.16871033013863346,-0.5017465949058533,-0.35821229219436646,0.7,-0.6278502345085144,0.7,-0.5207648277282715,0.7
1,equal_noise_control,confidence_preserving_pcma,Confidence-preserving PCMA,0.6339282238404759,0.014695053397446084,0.09783855815114699,0.654891638927735,0.010742582319276875,0.08148761334967687,0.16871033013863346,-0.5017465949058533,-0.35821229219436646,0.7,-0.6278502345085144,0.7,-0.5207648277282715,0.7
1,equal_noise_control,oracle,Oracle latent utility,,,,0.629828414451469,0.0,0.0,0.0,-0.5017465949058533,-0.35821229219436646,0.7,-0.6278502345085144,0.7,-0.5207648277282715,0.7
2,equal_noise_control,standard,Standard scalarized BT,0.656507595725382,0.019661436452544725,0.11062111614811927,0.664797001791733,0.013878663336180876,0.09253602912471338,0.16951710014507285,-0.4109739661216736,-0.5041707158088684,0.7,-0.3464545011520386,0.7,-0.38559970259666443,0.7
2,equal_noise_control,shared_precision,Shared-precision BT,0.6380753686769606,0.014631814316168678,0.09622536379911953,0.6568555930930218,0.011092589846554689,0.08216228807201459,0.16951710014507285,-0.4109739661216736,-0.5041707158088684,0.7,-0.3464545011520386,0.7,-0.38559970259666443,0.7
2,equal_noise_control,pcma_normalized,PCMA-normalized scalarization,,,,0.6647909697748646,0.013897932085718675,0.09258666593998711,0.16944905805400984,-0.4109739661216736,-0.5041707158088684,0.7,-0.3464545011520386,0.7,-0.38559970259666443,0.7
2,equal_noise_control,confidence_preserving_pcma,Confidence-preserving PCMA,0.6382974266361464,0.014738727159442723,0.09659061872116881,0.6568372060959611,0.011117970231739263,0.08219400627922062,0.16944905805400984,-0.4109739661216736,-0.5041707158088684,0.7,-0.3464545011520386,0.7,-0.38559970259666443,0.7
2,equal_noise_control,oracle,Oracle latent utility,,,,0.632386353298648,0.0,0.0,0.0,-0.4109739661216736,-0.5041707158088684,0.7,-0.3464545011520386,0.7,-0.38559970259666443,0.7
3,equal_noise_control,standard,Standard scalarized BT,0.6523804785875827,0.019685362523776912,0.11102804707275658,0.6648653745278061,0.013973021208870735,0.09316080226236836,0.16733145428040103,-0.5275139212608337,-0.44933977723121643,0.7,-0.3841917812824249,0.7,-0.7778672575950623,0.7
3,equal_noise_control,shared_precision,Shared-precision BT,0.6350174953371603,0.01452046858465479,0.09705096036071555,0.6554374779159249,0.01064125738280216,0.08067843284703352,0.16733145428040103,-0.5275139212608337,-0.44933977723121643,0.7,-0.3841917812824249,0.7,-0.7778672575950623,0.7
3,equal_noise_control,pcma_normalized,PCMA-normalized scalarization,,,,0.6654177045275547,0.014124829441192168,0.09374920305112242,0.16906059804666806,-0.5275139212608337,-0.44933977723121643,0.7,-0.3841917812824249,0.7,-0.7778672575950623,0.7
3,equal_noise_control,confidence_preserving_pcma,Confidence-preserving PCMA,0.6364055885362919,0.015002386309503223,0.09852031954742542,0.6560481860700033,0.010874635298472496,0.08174553684902126,0.16906059804666806,-0.5275139212608337,-0.44933977723121643,0.7,-0.3841917812824249,0.7,-0.7778672575950623,0.7
3,equal_noise_control,oracle,Oracle latent utility,,,,0.6322412184404382,0.0,0.0,0.0,-0.5275139212608337,-0.44933977723121643,0.7,-0.3841917812824249,0.7,-0.7778672575950623,0.7
4,equal_noise_control,standard,Standard scalarized BT,0.6552824098877847,0.019386179807544836,0.10976213943280287,0.6623844191837345,0.01372333907266512,0.09216871175533731,0.16647269133930648,-0.5171893835067749,-0.5198233723640442,0.7,-0.5363827347755432,0.7,-0.49537381529808044,0.7
4,equal_noise_control,shared_precision,Shared-precision BT,0.6368023381458833,0.014494139498516667,0.09692636015979147,0.6537388583104827,0.010564672490486272,0.08049014711584687,0.16647269133930648,-0.5171893835067749,-0.5198233723640442,0.7,-0.5363827347755432,0.7,-0.49537381529808044,0.7
4,equal_noise_control,pcma_normalized,PCMA-normalized scalarization,,,,0.66237735588659,0.0137166098112814,0.09214709880895387,0.16638752449653038,-0.5171893835067749,-0.5198233723640442,0.7,-0.5363827347755432,0.7,-0.49537381529808044,0.7
4,equal_noise_control,confidence_preserving_pcma,Confidence-preserving PCMA,0.6368433547427672,0.014496440480653572,0.09692659178476778,0.6537196661770664,0.010552680537420171,0.08043400440113704,0.16638752449653038,-0.5171893835067749,-0.5198233723640442,0.7,-0.5363827347755432,0.7,-0.49537381529808044,0.7
4,equal_noise_control,oracle,Oracle latent utility,,,,0.6318503478901509,0.0,0.0,0.0,-0.5171893835067749,-0.5198233723640442,0.7,-0.5363827347755432,0.7,-0.49537381529808044,0.7
5,equal_noise_control,standard,Standard scalarized BT,0.6420629643996747,0.019372300547212885,0.1096363855594193,0.6629344569006563,0.01373564023791657,0.09230671135132269,0.16854719383498817,-0.47330155968666077,-0.42940548062324524,0.7,-0.4686555564403534,0.7,-0.5212612748146057,0.7
5,equal_noise_control,shared_precision,Shared-precision BT,0.6274555194302432,0.01448329388986213,0.09627558228441542,0.6540421766533697,0.010717513141371123,0.08087969053863522,0.16854719383498817,-0.47330155968666077,-0.42940548062324524,0.7,-0.4686555564403534,0.7,-0.5212612748146057,0.7
5,equal_noise_control,pcma_normalized,PCMA-normalized scalarization,,,,0.6629615990117429,0.013745011288991037,0.09234125130344921,0.16885096556184997,-0.47330155968666077,-0.42940548062324524,0.7,-0.4686555564403534,0.7,-0.5212612748146057,0.7
5,equal_noise_control,confidence_preserving_pcma,Confidence-preserving PCMA,0.6275669780861305,0.01449048405696299,0.09628346608518513,0.654086627846463,0.010740052175944814,0.08098019787989998,0.16885096556184997,-0.47330155968666077,-0.42940548062324524,0.7,-0.4686555564403534,0.7,-0.5212612748146057,0.7
5,equal_noise_control,oracle,Oracle latent utility,,,,0.6297306167608318,0.0,0.0,0.0,-0.47330155968666077,-0.42940548062324524,0.7,-0.4686555564403534,0.7,-0.5212612748146057,0.7
6,equal_noise_control,standard,Standard scalarized BT,0.6504109644578369,0.019601725178827547,0.11070793199406741,0.6644871453060252,0.013911306562046014,0.09325578980099518,0.1651086741078045,-0.4017159640789032,-0.2702052593231201,0.7,-0.4681597352027893,0.7,-0.4705202281475067,0.7
6,equal_noise_control,shared_precision,Shared-precision BT,0.63329692099474,0.014340175809241839,0.09501453480920917,0.6561551345145193,0.010992048405491844,0.08214759024470583,0.1651086741078045,-0.4017159640789032,-0.2702052593231201,0.7,-0.4681597352027893,0.7,-0.4705202281475067,0.7
6,equal_noise_control,pcma_normalized,PCMA-normalized scalarization,,,,0.6645271245707394,0.013951500063433264,0.09340700890455171,0.16617442765637092,-0.4017159640789032,-0.2702052593231201,0.7,-0.4681597352027893,0.7,-0.4705202281475067,0.7
6,equal_noise_control,confidence_preserving_pcma,Confidence-preserving PCMA,0.6336575581867538,0.014501246387781773,0.09577651201379604,0.6563493931111,0.011067155926153371,0.08247432258349123,0.16617442765637092,-0.4017159640789032,-0.2702052593231201,0.7,-0.4681597352027893,0.7,-0.4705202281475067,0.7
6,equal_noise_control,oracle,Oracle latent utility,,,,0.6313842496208788,0.0,0.0,0.0,-0.4017159640789032,-0.2702052593231201,0.7,-0.4681597352027893,0.7,-0.4705202281475067,0.7
7,equal_noise_control,standard,Standard scalarized BT,0.6471897268206261,0.019610065352908167,0.11065906930216111,0.6674649565748051,0.013839139305489533,0.09250410973587438,0.1653198146955641,-0.6034910678863525,-0.5510272979736328,0.7,-0.6821451187133789,0.7,-0.574312686920166,0.7
7,equal_noise_control,shared_precision,Shared-precision BT,0.6324070913104464,0.014736356595071777,0.09854246215579245,0.6567210238566917,0.010293585270179918,0.07941772264829823,0.1653198146955641,-0.6034910678863525,-0.5510272979736328,0.7,-0.6821451187133789,0.7,-0.574312686920166,0.7
7,equal_noise_control,pcma_normalized,PCMA-normalized scalarization,,,,0.6674753099171418,0.013844254395432538,0.09250897421680733,0.16564280462076802,-0.6034910678863525,-0.5510272979736328,0.7,-0.6821451187133789,0.7,-0.574312686920166,0.7
7,equal_noise_control,confidence_preserving_pcma,Confidence-preserving PCMA,0.6326294213324477,0.014799332180135157,0.098761603059687,0.6566956592348431,0.01030310740784035,0.07943092445381822,0.16564280462076802,-0.6034910678863525,-0.5510272979736328,0.7,-0.6821451187133789,0.7,-0.574312686920166,0.7
7,equal_noise_control,oracle,Oracle latent utility,,,,0.6338666538168526,0.0,0.0,0.0,-0.6034910678863525,-0.5510272979736328,0.7,-0.6821451187133789,0.7,-0.574312686920166,0.7
8,equal_noise_control,standard,Standard scalarized BT,0.6486421725374562,0.019436764286748478,0.10979250556235544,0.6611799434693197,0.01364667226536628,0.09201466513832467,0.16952192515573958,-0.48042047023773193,-0.48624682426452637,0.7,-0.4843848645687103,0.7,-0.46857401728630066,0.7
8,equal_noise_control,shared_precision,Shared-precision BT,0.6321565875318946,0.014454644750131088,0.09656700366422763,0.6527854638065763,0.010565347129965728,0.08038332381224692,0.16952192515573958,-0.48042047023773193,-0.48624682426452637,0.7,-0.4843848645687103,0.7,-0.46857401728630066,0.7
8,equal_noise_control,pcma_normalized,PCMA-normalized scalarization,,,,0.6611777404759732,0.01364260654533245,0.09199708044199308,0.16965044418997904,-0.48042047023773193,-0.48624682426452637,0.7,-0.4843848645687103,0.7,-0.46857401728630066,0.7
8,equal_noise_control,confidence_preserving_pcma,Confidence-preserving PCMA,0.6321705215668262,0.01445489656820162,0.09655972564093245,0.652785668848154,0.010561095005473926,0.08036062504742969,0.16965044418997904,-0.48042047023773193,-0.48624682426452637,0.7,-0.4843848645687103,0.7,-0.46857401728630066,0.7
8,equal_noise_control,oracle,Oracle latent utility,,,,0.6303470896503962,0.0,0.0,0.0,-0.48042047023773193,-0.48624682426452637,0.7,-0.4843848645687103,0.7,-0.46857401728630066,0.7
9,equal_noise_control,standard,Standard scalarized BT,0.6415965983476198,0.01962086075222181,0.11054863925427105,0.6615606248023216,0.013839143487863885,0.09243890609679417,0.169048337871519,-0.4885476529598236,-0.580868661403656,0.7,-0.34175315499305725,0.7,-0.5368578433990479,0.7
9,equal_noise_control,shared_precision,Shared-precision BT,0.6279849458746838,0.014708645170093916,0.09764508758143253,0.6530603014560258,0.01078345321967113,0.0812440607528302,0.169048337871519,-0.4885476529598236,-0.580868661403656,0.7,-0.34175315499305725,0.7,-0.5368578433990479,0.7
9,equal_noise_control,pcma_normalized,PCMA-normalized scalarization,,,,0.6617576593740784,0.01392331064363477,0.0927450609122387,0.17014917683129116,-0.4885476529598236,-0.580868661403656,0.7,-0.34175315499305725,0.7,-0.5368578433990479,0.7
9,equal_noise_control,confidence_preserving_pcma,Confidence-preserving PCMA,0.6283497012509424,0.014919626287407013,0.09832917816585621,0.6534038198459416,0.010909829037649484,0.08180551486930068,0.17014917683129116,-0.4885476529598236,-0.580868661403656,0.7,-0.34175315499305725,0.7,-0.5368578433990479,0.7
9,equal_noise_control,oracle,Oracle latent utility,,,,0.6307336208674373,0.0,0.0,0.0,-0.4885476529598236,-0.580868661403656,0.7,-0.34175315499305725,0.7,-0.5368578433990479,0.7
